{
  "evaluation_type": "two_stage_end_to_end",
  "eval_samples_per_class": 5000,
  "total_samples": 20000,
  "stage1_threshold": 0.3,
  "stage1_metrics": {
    "accuracy": 0.9905,
    "classification_report": {
      "Human": {
        "precision": 0.9633911368015414,
        "recall": 1.0,
        "f1-score": 0.9813542688910697,
        "support": 5000.0
      },
      "Bot": {
        "precision": 1.0,
        "recall": 0.9873333333333333,
        "f1-score": 0.9936262998993626,
        "support": 15000.0
      },
      "accuracy": 0.9905,
      "macro avg": {
        "precision": 0.9816955684007707,
        "recall": 0.9936666666666667,
        "f1-score": 0.9874902843952161,
        "support": 20000.0
      },
      "weighted avg": {
        "precision": 0.9908477842003853,
        "recall": 0.9905,
        "f1-score": 0.9905582921472895,
        "support": 20000.0
      }
    },
    "confusion_matrix": [
      [
        5000,
        0
      ],
      [
        190,
        14810
      ]
    ]
  },
  "stage2_metrics": {
    "accuracy": 1.0,
    "classification_report": {
      "flood": {
        "precision": 1.0,
        "recall": 1.0,
        "f1-score": 1.0,
        "support": 5000.0
      },
      "recon": {
        "precision": 1.0,
        "recall": 1.0,
        "f1-score": 1.0,
        "support": 4816.0
      },
      "scraper": {
        "precision": 1.0,
        "recall": 1.0,
        "f1-score": 1.0,
        "support": 4994.0
      },
      "accuracy": 1.0,
      "macro avg": {
        "precision": 1.0,
        "recall": 1.0,
        "f1-score": 1.0,
        "support": 14810.0
      },
      "weighted avg": {
        "precision": 1.0,
        "recall": 1.0,
        "f1-score": 1.0,
        "support": 14810.0
      }
    },
    "confusion_matrix": [
      [
        5000,
        0,
        0
      ],
      [
        0,
        4816,
        0
      ],
      [
        0,
        0,
        4994
      ]
    ]
  },
  "system_metrics": {
    "accuracy": 0.9905,
    "classification_report": {
      "flood": {
        "precision": 1.0,
        "recall": 1.0,
        "f1-score": 1.0,
        "support": 5000.0
      },
      "human": {
        "precision": 0.9633911368015414,
        "recall": 1.0,
        "f1-score": 0.9813542688910697,
        "support": 5000.0
      },
      "recon": {
        "precision": 1.0,
        "recall": 0.9632,
        "f1-score": 0.9812550937245313,
        "support": 5000.0
      },
      "scraper": {
        "precision": 1.0,
        "recall": 0.9988,
        "f1-score": 0.9993996397838704,
        "support": 5000.0
      },
      "accuracy": 0.9905,
      "macro avg": {
        "precision": 0.9908477842003853,
        "recall": 0.9905,
        "f1-score": 0.9905022505998679,
        "support": 20000.0
      },
      "weighted avg": {
        "precision": 0.9908477842003853,
        "recall": 0.9905,
        "f1-score": 0.9905022505998679,
        "support": 20000.0
      }
    },
    "confusion_matrix": [
      [
        5000,
        0,
        0,
        0
      ],
      [
        0,
        5000,
        0,
        0
      ],
      [
        6,
        0,
        4994,
        0
      ],
      [
        184,
        0,
        0,
        4816
      ]
    ],
    "human_false_positive_rate": 0.0
  }
}