{
  "generated": "2026-04-22T01:25:25.788789",
  "eval_seed": 99,
  "threshold": 0.57,
  "total_samples": 20000,
  "stage1": {
    "accuracy": 0.9104,
    "human_recall": 0.9974,
    "bot_recall": 0.8814,
    "human_fp_rate": 0.0026,
    "confusion_matrix": [
      [
        4987,
        13
      ],
      [
        1779,
        13221
      ]
    ],
    "classification_report": {
      "Human": {
        "precision": 0.7370676913981673,
        "recall": 0.9974,
        "f1-score": 0.8476967533571307,
        "support": 5000.0
      },
      "Bot": {
        "precision": 0.9990176817288802,
        "recall": 0.8814,
        "f1-score": 0.9365304243111142,
        "support": 15000.0
      },
      "accuracy": 0.9104,
      "macro avg": {
        "precision": 0.8680426865635238,
        "recall": 0.9394,
        "f1-score": 0.8921135888341225,
        "support": 20000.0
      },
      "weighted avg": {
        "precision": 0.933530184146202,
        "recall": 0.9104,
        "f1-score": 0.9143220065726184,
        "support": 20000.0
      }
    }
  },
  "stage2": {
    "accuracy": 0.9993949020497693,
    "confusion_matrix": [
      [
        4316,
        0,
        0
      ],
      [
        0,
        4537,
        8
      ],
      [
        0,
        0,
        4360
      ]
    ],
    "classification_report": {
      "flood": {
        "precision": 1.0,
        "recall": 1.0,
        "f1-score": 1.0,
        "support": 4316.0
      },
      "recon": {
        "precision": 1.0,
        "recall": 0.9982398239823982,
        "f1-score": 0.999119136754019,
        "support": 4545.0
      },
      "scraper": {
        "precision": 0.9981684981684982,
        "recall": 1.0,
        "f1-score": 0.999083409715857,
        "support": 4360.0
      },
      "accuracy": 0.9993949020497693,
      "macro avg": {
        "precision": 0.9993894993894994,
        "recall": 0.9994132746607994,
        "f1-score": 0.999400848823292,
        "support": 13221.0
      },
      "weighted avg": {
        "precision": 0.9993960102877734,
        "recall": 0.9993949020497693,
        "f1-score": 0.9993949128589481,
        "support": 13221.0
      }
    }
  },
  "system": {
    "accuracy": 0.91,
    "macro_f1": 0.9138152403611706,
    "confusion_matrix": [
      [
        4987,
        0,
        4,
        9
      ],
      [
        684,
        4316,
        0,
        0
      ],
      [
        640,
        0,
        4360,
        0
      ],
      [
        455,
        0,
        8,
        4537
      ]
    ],
    "classification_report": {
      "flood": {
        "precision": 1.0,
        "recall": 0.8632,
        "f1-score": 0.9265779304422499,
        "support": 5000.0
      },
      "human": {
        "precision": 0.7370676913981673,
        "recall": 0.9974,
        "f1-score": 0.8476967533571307,
        "support": 5000.0
      },
      "recon": {
        "precision": 0.9980202375714914,
        "recall": 0.9074,
        "f1-score": 0.9505552063691599,
        "support": 5000.0
      },
      "scraper": {
        "precision": 0.9972552607502287,
        "recall": 0.872,
        "f1-score": 0.9304310712761417,
        "support": 5000.0
      },
      "accuracy": 0.91,
      "macro avg": {
        "precision": 0.9330857974299718,
        "recall": 0.9099999999999999,
        "f1-score": 0.9138152403611706,
        "support": 20000.0
      },
      "weighted avg": {
        "precision": 0.9330857974299719,
        "recall": 0.91,
        "f1-score": 0.9138152403611705,
        "support": 20000.0
      }
    }
  },
  "failure_analysis": {
    "false_positives": 13,
    "false_negatives": 1779
  }
}